{"cameraMode":{"drawMode":0,"name":"Shaded","section":"Shading Mode"},"sceneLighting":false,"audioPlay":false,"sceneViewState":{"showFog":true,"showMaterialUpdate":false,"showSkybox":false,"showFlares":true,"showImageEffects":true,"showParticleSystems":true},"in2DMode":false,"pivot":{"x":0.0,"y":0.5049027800559998,"z":-0.4095759689807892},"rotation":{"x":0.05931885540485382,"y":0.2747531831264496,"z":-0.01727854460477829,"w":0.9597178101539612},"size":3.3799331188201906,"orthographic":false}