{"cameraMode":{"drawMode":0,"name":"Shaded","section":"Shading Mode"},"sceneLighting":false,"audioPlay":false,"sceneViewState":{"showFog":true,"showMaterialUpdate":false,"showSkybox":false,"showFlares":true,"showImageEffects":true,"showParticleSystems":true},"in2DMode":false,"pivot":{"x":-0.03747771680355072,"y":0.15738236904144288,"z":-0.020942602306604387},"rotation":{"x":-0.01437330525368452,"y":0.9833204746246338,"z":-0.15949609875679017,"w":-0.08794312924146652},"size":0.8371884226799011,"orthographic":false}