{"cameraMode":{"drawMode":0,"name":"Shaded","section":"Shading Mode"},"sceneLighting":false,"audioPlay":false,"sceneViewState":{"showFog":true,"showMaterialUpdate":false,"showSkybox":false,"showFlares":true,"showImageEffects":true,"showParticleSystems":true},"in2DMode":false,"pivot":{"x":0.0,"y":0.014715022407472134,"z":0.04238203912973404},"rotation":{"x":-0.006444144994020462,"y":0.9927580952644348,"z":-0.05993742123246193,"w":-0.10534040629863739},"size":0.08095185458660126,"orthographic":false}