{"cameraMode":{"drawMode":0,"name":"Shaded","section":"Shading Mode"},"sceneLighting":true,"audioPlay":false,"sceneViewState":{"showFog":true,"showMaterialUpdate":false,"showSkybox":true,"showFlares":true,"showImageEffects":true,"showParticleSystems":true},"in2DMode":false,"pivot":{"x":0.7952216863632202,"y":1.549765706062317,"z":1.5},"rotation":{"x":0.1578046679496765,"y":0.20840048789978028,"z":-0.03497152775526047,"w":0.9647985696792603},"size":1.318023443222046,"orthographic":false}