{"cameraMode":{"drawMode":0,"name":"Shaded","section":"Shading Mode"},"sceneLighting":false,"audioPlay":false,"sceneViewState":{"showFog":true,"showMaterialUpdate":false,"showSkybox":false,"showFlares":true,"showImageEffects":true,"showParticleSystems":true},"in2DMode":false,"pivot":{"x":-0.003462590277194977,"y":0.01119999960064888,"z":0.0},"rotation":{"x":-0.10391833633184433,"y":-0.8955724835395813,"z":0.3236798942089081,"w":-0.28755590319633486},"size":0.06293128430843353,"orthographic":false}