{"cameraMode":{"drawMode":0,"name":"Shaded","section":"Shading Mode"},"sceneLighting":false,"audioPlay":false,"sceneViewState":{"showFog":true,"showMaterialUpdate":false,"showSkybox":false,"showFlares":true,"showImageEffects":true,"showParticleSystems":true},"in2DMode":false,"pivot":{"x":-0.004262146539986134,"y":0.007599999662488699,"z":0.04241739213466644},"rotation":{"x":0.0039481488056480888,"y":-0.5932446718215942,"z":0.0027530333027243616,"w":0.8051953911781311},"size":0.032920703291893008,"orthographic":false}