{"cameraMode":{"drawMode":0,"name":"Shaded","section":"Shading Mode"},"sceneLighting":false,"audioPlay":false,"sceneViewState":{"showFog":true,"showMaterialUpdate":false,"showSkybox":false,"showFlares":true,"showImageEffects":true,"showParticleSystems":true},"in2DMode":false,"pivot":{"x":0.025844309478998185,"y":0.3398643136024475,"z":-0.0032702162861824037},"rotation":{"x":-0.0011920849792659283,"y":0.9954524040222168,"z":-0.09616890549659729,"w":-0.011155406013131142},"size":1.3587477207183838,"orthographic":false}