{"cameraMode":{"drawMode":0,"name":"Shaded","section":"Shading Mode"},"sceneLighting":false,"audioPlay":false,"sceneViewState":{"showFog":true,"showMaterialUpdate":false,"showSkybox":false,"showFlares":true,"showImageEffects":true,"showParticleSystems":true},"in2DMode":false,"pivot":{"x":0.00014089373871684074,"y":0.004588351584970951,"z":0.07859509438276291},"rotation":{"x":-0.006444144994020462,"y":0.9927580952644348,"z":-0.05993742123246193,"w":-0.10534040629863739},"size":0.02650454081594944,"orthographic":false}