{"cameraMode":{"drawMode":0,"name":"Shaded","section":"Shading Mode"},"sceneLighting":false,"audioPlay":false,"sceneViewState":{"showFog":true,"showMaterialUpdate":false,"showSkybox":false,"showFlares":true,"showImageEffects":true,"showParticleSystems":true},"in2DMode":false,"pivot":{"x":-0.056471727788448337,"y":0.2517864406108856,"z":0.07592979073524475},"rotation":{"x":-0.018331756815314294,"y":0.6634804606437683,"z":-0.01597040519118309,"w":-0.7479998469352722},"size":1.8489757776260377,"orthographic":false}