{"cameraMode":{"drawMode":0,"name":"Shaded","section":"Shading Mode"},"sceneLighting":false,"audioPlay":false,"sceneViewState":{"showFog":true,"showMaterialUpdate":false,"showSkybox":false,"showFlares":true,"showImageEffects":true,"showParticleSystems":true},"in2DMode":false,"pivot":{"x":-0.074501633644104,"y":0.23557043075561524,"z":-0.06369531154632569},"rotation":{"x":-0.1464109867811203,"y":0.7755492925643921,"z":-0.19502317905426026,"w":-0.582547128200531},"size":1.9063173532485963,"orthographic":false}