{"cameraMode":{"drawMode":0,"name":"Shaded","section":"Shading Mode"},"sceneLighting":false,"audioPlay":false,"sceneViewState":{"showFog":true,"showMaterialUpdate":false,"showSkybox":false,"showFlares":true,"showImageEffects":true,"showParticleSystems":true},"in2DMode":false,"pivot":{"x":-0.0239887535572052,"y":0.2771398723125458,"z":0.11797952651977539},"rotation":{"x":-0.011970295570790768,"y":0.973494291305542,"z":-0.22312244772911073,"w":-0.05183316022157669},"size":1.6248888969421387,"orthographic":false}